fecha,clave,anunciante,pais,keyword,anuncios,anuncios_ayer,delta_pct,dias_max
2026-09-27,Academia Creativa|AR,Academia Creativa,AR,recetas,16,,,620
2026-09-27,Academia Karina Gao|AR,Academia Karina Gao,AR,air fryer,34,,,306
2026-09-27,Alimentos Chacabuco|AR,Alimentos Chacabuco,AR,recetas,10,,,146
2026-09-27,American Health Support Community|AR,American Health Support Community,AR,meal prep,170,,,124
2026-09-27,American Health Support Community|MX,American Health Support Community,MX,meal prep,170,,,124
2026-09-27,Bebe Comelon|AR,Bebe Comelon,AR,recetas sin azucar,30,,,145
2026-09-27,Bebe Comelon|MX,Bebe Comelon,MX,recetas sin azucar,30,,,145
2026-09-27,Casa de Scarllett con Shoptemu|MX,Casa de Scarllett con Shoptemu,MX,meal prep,,,,66
2026-09-27,Catalina Montes|MX,Catalina Montes,MX,recetas sin azucar,6,,,38
2026-09-27,Chewy|MX,Chewy,MX,meal prep,8500,,,89
2026-09-27,Cholesterol Relief Community|AR,Cholesterol Relief Community,AR,air fryer,140,,,79
2026-09-27,Comunidad EDT|AR,Comunidad EDT,AR,curso online,190,,,369
2026-09-27,EasyWays Argentina|AR,EasyWays Argentina,AR,air fryer,19,,,255
2026-09-27,Educando MX|MX,Educando MX,MX,reposteria para vender,30,,,61
2026-09-27,Enjoyaitlife-US|AR,Enjoyaitlife-US,AR,meal prep,,,,46
2026-09-27,Eric Bussey|MX,Eric Bussey,MX,air fryer,170,,,38
2026-09-27,Expo Repostería Mérida|MX,Expo Repostería Mérida,MX,reposteria para vender,28,,,21
2026-09-27,FoodiesGuide|AR,FoodiesGuide,AR,meal prep,79,,,76
2026-09-27,Gut Reset Project|MX,Gut Reset Project,MX,air fryer,18,,,38
2026-09-27,Healthy Transformation Hub|AR,Healthy Transformation Hub,AR,air fryer,120,,,17
2026-09-27,Helados com com|AR,Helados com com,AR,reposteria para vender,9,,,74
2026-09-27,Hookah fitness|AR,Hookah fitness,AR,recetas keto,5,,,18
2026-09-27,Joyreels-TT-12|AR,Joyreels-TT-12,AR,reposteria para vender,,,,17
2026-09-27,Joyreels-TT-12|MX,Joyreels-TT-12,MX,reposteria para vender,,,,
2026-09-27,Keto & Co|AR,Keto & Co,AR,recetas keto,10,,,86
2026-09-27,Keto Club En Casa|AR,Keto Club En Casa,AR,recetas keto,81,,,18
2026-09-27,La Planchetta|AR,La Planchetta,AR,recetas,110,,,59
2026-09-27,Magazine Luiza|AR,Magazine Luiza,AR,air fryer,1000,,,4
2026-09-27,Maka Recetas|MX,Maka Recetas,MX,recetas,240,,,79
2026-09-27,Margarita Pasos - Entrenadora Corporativa|AR,Margarita Pasos - Entrenadora Corporativa,AR,curso online,210,,,194
2026-09-27,Mari Tanaka|MX,Mari Tanaka,MX,reposteria para vender,12,,,13
2026-09-27,Mauge Gramuglia|AR,Mauge Gramuglia,AR,menu semanal,4,,,912
2026-09-27,Mesa y Sabor|AR,Mesa y Sabor,AR,recetas sin azucar,200,,,135
2026-09-27,Mujeres que Emprenden|AR,Mujeres que Emprenden,AR,curso online,90,,,626
2026-09-27,Mundo Verde Pro|AR,Mundo Verde Pro,AR,recetas,100,,,13
2026-09-27,Mundo Verde Pro|MX,Mundo Verde Pro,MX,recetas sin azucar,100,,,13
2026-09-27,Nature Realm|AR,Nature Realm,AR,meal prep,,,,6
2026-09-27,Nutricionista Vanesa Craichic|AR,Nutricionista Vanesa Craichic,AR,menu semanal,27,,,8
2026-09-27,Ollie's|MX,Ollie's,MX,air fryer,1100,,,30
2026-09-27,Paulina Abascal|MX,Paulina Abascal,MX,reposteria para vender,120,,,227
2026-09-27,Pilot Flying J|MX,Pilot Flying J,MX,meal prep,160,,,26
2026-09-27,Recetario Sin Vueltas|AR,Recetario Sin Vueltas,AR,menu semanal,51,,,31
2026-09-27,Recetas Conscientes|MX,Recetas Conscientes,MX,recetas,29,,,200
2026-09-27,Recetas Mágicas con Camila|MX,Recetas Mágicas con Camila,MX,air fryer,7,,,32
2026-09-27,ReciMe|AR,ReciMe,AR,meal prep,1100,,,31
2026-09-27,Reposteria en casa|AR,Reposteria en casa,AR,reposteria para vender,7,,,19
2026-09-27,Reseteo Abdominal|AR,Reseteo Abdominal,AR,recetas sin azucar,37,,,56
2026-09-27,SIMPLE FOOD|AR,SIMPLE FOOD,AR,air fryer,25,,,124
2026-09-27,SUBWAY México|MX,SUBWAY México,MX,recetas,2900,,,51
2026-09-27,Sabores Saludables|AR,Sabores Saludables,AR,recetas,130,,,19
2026-09-27,Santander Argentina|AR,Santander Argentina,AR,curso online,1200,,,89
2026-09-27,Santander Open Academy|AR,Santander Open Academy,AR,curso online,250,,,124
2026-09-27,Saníssimo|MX,Saníssimo,MX,recetas,120,,,191
2026-09-27,Taller de repostería y decoración de tortas Canela|AR,Taller de repostería y decoración de tortas Canela,AR,reposteria para vender,39,,,73
2026-09-27,Telcel|MX,Telcel,MX,recetas,1200,,,20
2026-09-27,Vive Vida Plena|AR,Vive Vida Plena,AR,menu semanal,17,,,30
2026-09-27,julianapostres|AR,julianapostres,AR,reposteria para vender,6,,,9
