fecha,keyword,pais,total,total_ayer,delta_pct,anuncios,pct_90mas,mediana_dias,max_dias
2026-09-27,air fryer,AR,450,,,44,36,49,347
2026-09-27,air fryer,MX,690,,,75,12,32,304
2026-09-27,curso online,AR,8600,,,57,82,194,2033
2026-09-27,meal prep,AR,750,,,52,22,39,124
2026-09-27,meal prep,MX,2100,,,56,19,48,1589
2026-09-27,menu economico familiar,AR,,,,0,,,
2026-09-27,menu semanal,AR,310,,,60,23,23,912
2026-09-27,recetas,AR,9600,,,50,52,105,620
2026-09-27,recetas,MX,14000,,,56,34,41,765
2026-09-27,recetas keto,AR,260,,,51,12,18,620
2026-09-27,recetas sin azucar,AR,1700,,,55,45,86,620
2026-09-27,recetas sin azucar,MX,2100,,,51,31,35,342
2026-09-27,reposteria para vender,AR,830,,,54,8,17,294
2026-09-27,reposteria para vender,MX,1000,,,66,14,27,227
